Date,Mkt-RF,SMB,HML,RMW,CMA,RF
20210104,-1.41,0.24,0.48,-0.71,0.22,0
20210105,0.86,1.33,0.48,0.34,0.6,0
20210106,0.79,3.18,3.91,0.01,0.58,0
20210107,1.76,0,-0.79,-1.47,-0.23,0
20210108,0.51,-1.05,-1.32,-0.39,-0.44,0
20210111,-0.52,0.56,1.24,-0.18,0.47,0
20210112,0.38,1.48,1.21,-0.45,0.43,0
20210113,0.07,-1.02,-0.46,-0.21,-0.04,0
20210114,-0.11,2.4,1.08,-1.03,0.47,0
20210115,-0.86,-0.75,-0.75,0.28,-0.47,0
20210119,0.92,0.74,-0.79,-0.69,0.09,0
20210120,1.26,-0.75,-1.07,0.64,-0.4,0
20210121,-0.04,-0.75,-0.96,0.83,0.39,0
20210122,-0.07,1.62,-0.09,-0.68,0.6,0
20210125,0.29,-0.3,-0.39,0.24,0.96,0
20210126,-0.32,0.03,-0.05,0.98,1.14,0
20210127,-2.53,1.21,1.55,0.55,2.52,0
20210128,0.92,-1.69,-0.91,-1.04,-2.3,0
20210129,-1.84,0.43,0.58,-0.76,0.4,0
20210201,1.73,0.75,-1.47,-0.24,-1.22,0
20210202,1.48,-0.8,-1.07,-1,-2.19,0
20210203,0.16,0.72,0.66,-0.12,0.21,0
20210204,1.23,0.6,0.36,-0.11,-0.23,0
20210205,0.57,0.96,-0.48,-0.72,0.42,0
20210208,0.96,2.22,0.41,-0.93,0.7,0
20210209,0.05,0.72,-0.21,-0.77,-0.45,0
20210210,-0.08,-0.45,0.62,0.22,-0.02,0
20210211,0.19,-0.32,-0.46,-0.3,-0.04,0
20210212,0.49,-0.11,0.47,-0.38,-0.03,0
20210216,-0.14,-0.21,1.87,0.14,0.02,0
20210217,-0.21,-0.68,0.61,0.28,-0.15,0
20210218,-0.64,-1.49,-0.18,0.92,-0.46,0
20210219,0.16,2.04,0.72,-0.45,0.54,0
20210222,-1.13,0.71,3.17,1.69,0.86,0
20210223,-0.15,-1.03,0.89,1.15,-0.21,0
20210224,1.15,1.49,1.42,-0.31,0.33,0
20210225,-2.74,-0.92,0.91,1,0.41,0
20210226,-0.28,0.3,-1.55,0,-0.43,0
20210301,2.63,1.17,0.15,-0.45,0.32,0
20210302,-1.05,-0.77,1.23,0.62,0.21,0
20210303,-1.57,0.64,3.56,1.66,1.05,0
20210304,-1.7,-1.1,1.72,1.28,0.43,0
20210305,1.85,0.36,0.63,0.97,0.49,0
20210308,-0.67,1.49,3.68,1.61,0.9,0
20210309,1.79,0.45,-3.24,-1.86,-0.46,0
20210310,0.68,1.2,1.82,-0.07,0.16,0
20210311,1.43,1.06,-1.98,-1.39,-0.84,0
20210312,0.1,0.53,1.29,0.62,0.6,0
20210315,0.7,-0.3,-1.32,0.21,0.1,0
20210316,-0.43,-1.37,-0.81,0.31,-0.03,0
20210317,0.33,0.63,0.32,-0.03,0.15,0
20210318,-1.88,-1.21,2.15,0.94,0.46,0
20210319,0.25,0.93,-0.97,-0.78,-0.56,0
20210322,0.55,-1.71,-2.24,-0.23,-0.07,0
20210323,-1.17,-2.95,-1.05,0.58,-0.78,0
20210324,-1,-1.57,1.46,1.38,0.12,0
20210325,0.67,2.01,1.4,0.45,1.13,0
20210326,1.55,0.2,0.68,0.79,0.59,0
20210329,-0.49,-2.48,-0.21,0.9,-0.03,0
20210330,-0.02,1.83,1,-0.26,-0.2,0
20210331,0.63,0.58,-2.31,-1.17,-0.27,0
20210401,1.27,0.21,-0.02,-0.69,-0.49,0
20210405,1.27,-0.69,-0.72,0.99,0.1,0
20210406,0.01,-0.33,0.1,-0.11,-0.27,0
20210407,-0.12,-1.54,0.3,0.69,-0.1,0
20210408,0.62,0.27,-1.16,-0.54,-0.38,0
20210409,0.65,-0.62,0.13,0.79,0.14,0
20210412,-0.05,-0.46,0.58,0.73,-0.34,0
20210413,0.41,-0.78,-1.58,-1.06,-0.39,0
20210414,-0.35,1.17,1.42,0.02,0.68,0
20210415,1.04,-0.78,-1.18,0.1,-0.54,0
20210416,0.27,-0.19,0.64,0.82,0.18,0
20210419,-0.73,-0.66,0.78,0.73,0.43,0
20210420,-0.94,-1.37,-1.57,0.39,-0.48,0
20210421,1.11,1.52,0.11,-0.46,0.09,0
20210422,-0.77,0.63,-0.78,-0.2,-0.2,0
20210423,1.26,0.76,0.7,-0.34,0.05,0
20210426,0.43,0.79,-0.48,-1.2,-0.07,0
20210427,-0.03,0.08,0.86,0.54,0.04,0
20210428,-0.06,0.29,0.2,-0.3,-0.34,0
20210429,0.39,-0.76,1.07,1.34,-0.22,0
20210430,-0.83,-0.51,-0.32,0.12,-0.44,0
20210503,0.17,0.75,1.7,1.05,1.08,0
20210504,-0.89,-0.25,1.99,1.1,0.6,0
20210505,-0.05,-0.16,1.33,0.65,0.64,0
20210506,0.48,-0.53,1.21,1.24,0.59,0
20210507,0.84,0.46,-0.1,-0.24,0.14,0
20210510,-1.36,-1.29,1.69,1.17,0.74,0
20210511,-0.63,0.68,-0.86,-0.82,-0.08,0
20210512,-2.34,-1.14,0.7,-0.28,0.13,0
20210513,1.02,0.46,1.14,1.39,0.36,0
20210514,1.81,0.97,-0.14,-0.24,-0.02,0
20210517,-0.24,0.73,0.82,0.01,0.57,0
20210518,-0.69,0.04,-0.92,-1.02,-0.44,0
20210519,-0.34,-0.52,-0.45,-0.18,-0.33,0
20210520,1.15,-0.5,-1.4,-0.84,-0.51,0
20210521,-0.04,0.45,0.98,-0.12,-0.07,0
20210524,0.99,-0.48,-0.67,0.27,-0.31,0
20210525,-0.3,-0.87,-1.2,0.22,-0.19,0
20210526,0.47,1.79,0.55,-0.55,0.15,0
20210527,0.28,1.08,0.95,-0.27,0.29,0
20210528,0.04,-0.36,-0.32,-0.2,-0.41,0
20210601,0.03,1.42,1.43,0.29,0.42,0
20210602,0.12,-0.21,0.34,-0.08,0.68,0
20210603,-0.53,-0.25,0.73,0.41,0.31,0
20210604,0.89,-0.6,-0.9,-0.13,-0.21,0
20210607,0.15,1.25,-0.91,-0.98,-0.24,0
20210608,0.19,1.08,-0.31,0.06,-0.05,0
20210609,-0.3,-0.45,-0.84,0.16,0.16,0
20210610,0.4,-1.34,-2.03,-0.53,-1.09,0
20210611,0.37,0.71,0.18,0.05,-0.02,0
20210614,0.15,-0.75,-1.62,-0.58,-0.49,0
20210615,-0.3,0.23,1.3,0.69,0.12,0
20210616,-0.45,0.43,0.19,-0.34,-0.24,0
20210617,0.01,-1.35,-3.57,-0.68,-1.1,0
20210618,-1.22,-0.8,-1.45,-0.42,-0.69,0
20210621,1.35,0.83,1.04,0.41,0.34,0
20210622,0.58,-0.09,-0.46,0.19,0.24,0
20210623,0.01,0.5,-0.28,-0.48,-0.23,0
20210624,0.69,0.74,0.25,-0.38,0.24,0
20210625,0.32,-0.51,0.44,-0.13,0.04,0
20210628,0.22,-0.84,-1.59,-0.51,-0.13,0
20210629,0,-0.41,-0.28,0.32,0.39,0
20210630,0.07,0.12,0.77,0.73,0.62,0
20210701,0.43,0.4,0.41,0.01,0.42,0
20210702,0.56,-1.52,-0.72,0.67,-0.15,0
20210706,-0.28,-1.04,-2,0.57,-0.71,0
20210707,0.09,-0.86,0.08,1.7,0.33,0
20210708,-0.86,-0.01,-0.77,-0.22,-0.03,0
20210709,1.25,0.84,1.57,-0.18,0.36,0
20210712,0.23,-0.02,0.58,0.3,-0.29,0
20210713,-0.56,-1.22,-0.42,0.71,0.13,0
20210714,-0.26,-1.17,0.34,1.93,0.6,0
20210715,-0.38,-0.26,0.79,0.34,-0.07,0
20210716,-0.77,-0.38,-1.28,0.12,-0.83,0
20210719,-1.42,0.04,-1.75,-0.43,-1.12,0
20210720,1.69,0.84,0.16,-0.56,0.38,0
20210721,0.95,0.71,0.81,-0.98,0.06,0
20210722,0.09,-1.55,-1.01,0.5,-0.38,0
20210723,0.98,-0.32,-0.48,0.48,-0.36,0
20210726,0.18,0.09,1.34,0.27,0.88,0
20210727,-0.66,-0.45,0.58,0.45,0.11,0
20210728,0.27,1.21,-0.66,-1.55,-0.73,0
20210729,0.41,0.22,0.94,0.82,0.52,0
20210730,-0.65,-0.08,-0.17,0.56,0.39,0
20210802,-0.12,-0.12,-0.41,-0.06,-0.31,0
20210803,0.73,-0.4,0.92,0.64,0.2,0
20210804,-0.39,-0.95,-1.58,-0.36,-1.09,0
20210805,0.74,1.06,-0.09,-1.31,-0.43,0
20210806,0.09,0.46,1.9,0.6,0.33,0
20210809,0.01,-0.45,-0.27,-0.62,-0.54,0
20210810,0.06,0.36,1.85,0.73,0.9,0
20210811,0.19,0.29,1.41,0.88,0.5,0
20210812,0.24,-0.69,-0.39,0.06,0.1,0
20210813,0,-0.95,-0.24,0.7,-0.01,0
20210816,-0.05,-0.86,0.04,1.66,0.16,0
20210817,-0.8,-0.49,-0.12,-0.3,0.1,0
20210818,-0.95,0.11,-0.17,-0.29,-0.67,0
20210819,-0.15,-0.95,-0.83,1.39,-0.46,0
20210820,0.92,0.85,-0.47,-0.38,-0.3,0
20210823,1.08,0.76,-0.84,-1.84,-0.06,0
20210824,0.41,0.41,0.36,-0.73,0.08,0
20210825,0.26,0.05,0.37,-0.41,-0.02,0
20210826,-0.65,-0.43,-0.33,-0.06,-0.16,0
20210827,1.07,1.64,0.31,-0.71,0.14,0
20210830,0.35,-0.69,-1.36,0.66,0.13,0
20210831,-0.13,0.46,-0.05,-0.46,-0.22,0
20210901,0.11,0.39,-0.93,-0.42,-0.37,0
20210902,0.36,0.21,-0.04,-0.43,0.58,0
20210903,-0.01,-0.55,-0.27,0.04,-0.28,0
20210907,-0.36,-0.37,-0.08,-0.59,0.17,0
20210908,-0.34,-0.74,0.08,0.75,0.19,0
20210909,-0.27,0.25,0.09,-0.79,-0.31,0
20210910,-0.76,-0.03,0.03,0.21,-0.47,0
20210913,0.14,0.22,1.33,0.21,0.99,0
20210914,-0.66,-0.67,-0.97,0.44,-0.47,0
20210915,0.88,0.12,0.65,-0.24,0.48,0
20210916,-0.03,-0.08,-0.56,-0.41,-0.56,0
20210917,-0.72,0.97,-0.05,-0.64,-0.44,0
20210920,-1.87,-0.57,0.21,0.76,0.27,0
20210921,0.05,0.25,-0.67,-0.44,-0.33,0
20210922,1,0.14,0.54,-0.52,0.48,0
20210923,1.28,0.46,0.93,-1.01,0.2,0
20210924,0.08,-0.39,0.7,0.57,0.26,0
20210927,-0.1,1.7,2.44,-0.27,0.73,0
20210928,-2.18,-0.01,1.75,0.84,1.08,0
20210929,0.03,-0.2,0.81,1.16,0.32,0
20210930,-1.02,0.07,-0.77,-1.21,-0.36,0
20211001,1.1,0.47,0.5,-0.1,0.6,0
20211004,-1.43,0.4,2.33,0.69,1.09,0
20211005,1.05,-0.57,-0.05,-0.07,-0.3,0
20211006,0.33,-0.99,-0.5,0.34,-0.67,0
20211007,1.01,0.45,-0.16,-0.08,0.05,0
20211008,-0.27,-0.45,1.12,0.09,0.62,0
20211011,-0.72,0.21,-0.27,-0.03,0.29,0
20211012,-0.06,0.55,-0.43,-0.88,-0.26,0
20211013,0.43,-0.09,-1.05,-0.47,-0.77,0
20211014,1.66,-0.37,-0.27,-0.01,-0.12,0
20211015,0.63,-1.13,0.3,0.38,-0.05,0
20211018,0.41,-0.42,0,0.56,-0.06,0
20211019,0.71,-0.46,-0.25,-0.17,0.09,0
20211020,0.34,0.22,1.19,0.29,0.52,0
20211021,0.37,0.04,-0.96,0.33,-0.62,0
20211022,-0.25,0.01,1.01,0.44,0.46,0
20211025,0.58,0.37,-0.14,-0.42,-0.37,0
20211026,0.04,-0.77,-0.31,-0.36,-0.15,0
20211027,-0.76,-0.95,-1.19,0.85,-0.61,0
20211028,1.14,0.82,-0.49,-0.3,-0.17,0
20211029,0.22,0.14,-0.83,0.57,-0.78,0
20211101,0.51,2.05,0.45,-1.13,0.02,0
20211102,0.24,-0.32,-0.54,0.43,0.14,0
20211103,0.8,1.44,-0.13,0.2,-0.39,0
20211104,0.39,-0.28,-1.36,0.66,-0.72,0
20211105,0.38,0.78,1.2,0.01,1.3,0
20211108,0.18,0.01,0.08,-0.49,-0.07,0
20211109,-0.35,-0.14,0.45,0.58,0.28,0
20211110,-1.07,-0.3,0.93,1.38,-0.07,0
20211111,0.24,0.63,0.33,0.13,0.1,0
20211112,0.74,-0.45,-0.91,0.4,-0.3,0
20211115,-0.02,-0.46,0.69,0.55,0.48,0
20211116,0.5,-0.17,-0.71,0.18,-0.65,0
20211117,-0.47,-0.64,-0.25,0.82,0.16,0
20211118,0.06,-0.76,-0.07,1.27,-0.09,0
20211119,-0.2,-0.4,-1.28,1.06,-0.6,0
20211122,-0.61,0.04,2.77,1.25,1.6,0
20211123,-0.03,-0.19,1.74,0.23,1.15,0
20211124,0.3,-0.14,-0.86,-0.52,-0.2,0
20211126,-2.23,-1.26,-0.94,0.27,-0.6,0
20211129,1.11,-1.32,-0.76,0.4,-0.32,0
20211130,-1.95,0.17,-1.14,-0.12,0.42,0
20211201,-1.61,-0.46,1.08,2.3,0.76,0
20211202,1.51,0.99,1.27,-0.67,0.04,0
20211203,-1.21,-0.87,1.07,1.76,1,0
20211206,1.19,0.84,0.61,0.08,0.63,0
20211207,2.22,-0.16,-1.8,-1.46,-0.45,0
20211208,0.47,0.34,-0.82,-0.95,0.2,0
20211209,-1.07,-1.05,1.54,1.42,0.98,0
20211210,0.7,-0.88,0.52,1.38,0.76,0
20211213,-1.04,-0.29,-0.98,0.3,-0.32,0
20211214,-0.76,-0.35,1.63,0.38,0.17,0
20211215,1.62,0.02,-1.91,0.04,-0.36,0
20211216,-1.2,-0.85,2.77,0.62,0.66,0
20211217,-0.65,1.48,-2.33,-1.71,-0.38,0
20211220,-1.27,-0.23,-0.4,0.04,0.15,0
20211221,2.06,0.67,0.2,-1.08,-0.2,0
20211222,0.97,0.18,-0.36,0.34,0.07,0
20211223,0.71,0.29,-0.48,-0.36,-0.39,0
20211227,1.22,-0.14,0.31,0.98,0.48,0
20211228,-0.27,-0.4,0.8,0.84,0.21,0
20211229,0.06,-0.03,0.17,0.7,0,0
20211230,-0.15,0.08,-0.41,-0.83,-0.41,0
20211231,-0.31,0.18,0.53,0.36,0.4,0
20220103,0.73,0.42,0.8,-1.17,0.59,0
20220104,-0.29,-0.08,3.64,0.63,1.47,0
20220105,-2.28,-0.94,2.59,1.39,1.25,0
20220106,0,0.38,1.75,-0.56,-0.01,0
20220107,-0.48,-0.96,2.02,-0.12,0.85,0
20220110,-0.15,-0.3,-0.28,-0.05,-0.37,0
20220111,1.1,-0.2,-0.28,-1.25,0.37,0
20220112,0.12,-0.86,0.51,0.77,0.27,0
20220113,-1.57,0.86,2.4,1.16,1.02,0
20220114,0.08,0.04,0.55,-0.85,0.49,0
20220118,-2.08,-0.9,1.36,0.8,0.97,0
20220119,-1.01,-0.36,-0.67,0.24,0.09,0
20220120,-1.14,-0.84,-0.23,-0.3,0.12,0
20220121,-2.1,0.38,0.48,1.03,0.49,0
20220124,0.53,1.75,-0.24,-0.07,-0.66,0
20220125,-1.43,-0.2,2.79,-0.8,1.6,0
20220126,-0.3,-1.06,0.09,0.43,-0.04,0
20220127,-0.79,-1.46,0.78,1.06,0.93,0
20220128,2.45,-0.61,-2.08,0.16,0.21,0
20220131,2.34,0.71,-2.84,-1.8,-1.6,0
20220201,0.87,0.12,0.66,-1.07,0.38,0
20220202,0.48,-1.59,0.72,1.48,0.49,0
20220203,-2.49,0.45,2.17,0.42,1.35,0
20220204,0.89,-0.28,-0.6,-1.69,-1.11,0
20220207,-0.25,0.66,0.23,-0.7,-0.01,0
20220208,1.02,0.73,-0.27,0.93,-0.45,0
20220209,1.61,0.02,-1.95,-1.09,-0.23,0
20220210,-1.69,0.03,1.23,-0.56,0.32,0
20220211,-1.92,0.91,2.12,-0.21,1.44,0
20220214,-0.35,0.09,-0.59,0.69,-0.18,0
20220215,1.87,1.03,-1.41,-0.66,-0.84,0
20220216,-0.02,0.03,0.32,0.6,0.41,0
20220217,-2.28,-0.04,1.08,0.85,1.46,0
20220218,-0.87,0.1,0.94,1.06,0.41,0
20220222,-1.18,-0.35,0.09,-0.06,0.14,0
20220223,-1.96,0.06,1.26,0.01,1.05,0
20220224,1.89,0.72,-3.86,-1.79,-1.73,0
20220225,2.23,-0.15,1.23,0.37,-0.2,0
20220228,0.05,0.39,-0.48,-0.82,0.29,0
20220301,-1.56,-0.28,-0.82,-0.41,0.56,0
20220302,1.81,0.61,1.32,0.53,0.41,0
20220303,-0.88,-0.21,1.51,1.23,1.22,0
20220304,-1.1,-0.52,0.69,0.37,1.22,0
20220307,-3.12,0.72,0.9,-0.69,1.35,0
20220308,-0.52,0.96,0.35,-1.09,-0.25,0
20220309,2.79,0.01,-2.11,-0.41,-1.56,0
20220310,-0.47,0.3,1.17,-0.32,0.35,0
20220311,-1.49,-0.13,1.78,0.99,0.6,0
20220314,-1.06,-0.83,1.74,2.18,0.05,0
20220315,2.15,-0.49,-2.39,0.77,-1,0
20220316,2.61,0.44,-1.82,-1.15,-1.52,0
20220317,1.43,0.16,-1.09,-1.59,-0.14,0
20220318,1.33,-0.19,-1.85,-0.54,-0.8,0
20220321,-0.17,-0.94,1.6,-0.18,1.57,0
20220322,1.31,-0.22,-1.15,-0.81,-1.01,0
20220323,-1.25,-0.61,0.39,-0.5,1.55,0
20220324,1.42,-0.32,-0.78,-0.47,-0.18,0
20220325,0.27,-0.31,2.19,0.2,1.33,0
20220328,0.73,-0.87,-1.71,0.5,-1.19,0
20220329,1.45,1.2,-1.94,-0.34,-0.98,0
20220330,-0.83,-1.13,0.42,0.4,0.92,0
20220331,-1.55,0.62,-0.43,-0.23,0.39,0
20220401,0.39,0.57,-0.58,-0.91,0.05,0.001
20220404,0.94,-0.54,-1.87,-0.78,-0.66,0.001
20220405,-1.55,-0.72,0.82,0.69,0.17,0.001
20220406,-1.24,-0.31,1.09,0.24,0.85,0.001
20220407,0.33,-0.61,-0.13,0.38,0.34,0.001
20220408,-0.39,-0.53,2.24,0.36,1.04,0.001
20220411,-1.54,0.62,1.06,0.44,0.06,0.001
20220412,-0.29,0.57,0.46,-0.26,1.05,0.001
20220413,1.4,0.62,-0.7,-1,0.02,0.001
20220414,-1.28,0.32,1.41,0.18,0.94,0.001
20220418,-0.21,-0.57,1.81,0.76,0.63,0.001
20220419,1.77,0.4,-0.94,0.54,-1.27,0.001
20220420,-0.28,0.48,1.26,0.76,1.13,0.001
20220421,-1.76,-0.55,0.38,1.75,0.4,0.001
20220422,-2.74,0.26,-0.17,-0.12,-0.22,0.001
20220425,0.71,0.12,-1.84,0.11,-1.06,0.001
20220426,-3,-0.36,1.78,0.23,1.22,0.001
20220427,0.12,-0.57,0.35,0.15,0.8,0.001
20220428,2.44,-0.51,-0.44,0.46,0.09,0.001
20220429,-3.53,0.87,0.59,-0.24,0.66,0.001
20220502,0.8,0.39,-1.15,-0.62,-1.34,0.001
20220503,0.41,0.15,1.64,0,1.15,0.001
20220504,3,-0.53,0.34,0.07,0.07,0.001
20220505,-3.8,-0.25,2.37,0.61,1.17,0.001
20220506,-0.85,-1.02,1.79,1.01,1.36,0.001
20220509,-3.54,-0.03,1.31,4.21,-0.3,0.001
20220510,0.2,-0.49,-1.24,-0.66,0.31,0.001
20220511,-1.95,-0.59,2.59,0.7,0.95,0.001
20220512,0.17,1.21,-1.24,-0.37,-1.1,0.001
20220513,2.76,0.37,-2.16,-2.13,-0.69,0.001
20220516,-0.6,0.09,1.34,0.19,1.33,0.001
20220517,2.15,0.94,-0.04,-0.69,-0.32,0.001
20220518,-4.04,0.46,1.54,-0.54,0.35,0.001
20220519,-0.34,0.39,-0.77,-1.19,-0.86,0.001
20220520,-0.05,-0.13,-0.19,-0.11,0.16,0.001
20220523,1.74,-0.93,1.32,-0.03,1.02,0.001
20220524,-1.23,-0.48,1.85,1.43,1.14,0.001
20220525,1.22,0.75,0.2,-0.56,0.01,0.001
20220526,2.18,0.01,-0.59,-0.14,-0.31,0.001
20220527,2.58,0.01,-1.24,-0.63,-0.26,0.001
20220531,-0.71,-0.37,0.4,0.78,-0.24,0.001
20220601,-0.75,0.25,0.72,-0.24,1.08,0.003
20220602,2.09,0.41,-2.05,-0.43,-1.49,0.003
20220603,-1.63,1.02,0.52,-0.8,0.45,0.003
20220606,0.33,0.04,0.69,0.5,0.18,0.003
20220607,0.99,0.19,-0.15,-1.58,0.66,0.003
20220608,-1.02,-0.26,-0.54,-0.69,-0.24,0.003
20220609,-2.44,0.45,0.24,0.86,0.15,0.003
20220610,-3,0.27,0.62,0.31,0.5,0.003
20220613,-4.13,-0.46,0.61,1.7,-0.36,0.003
20220614,-0.25,0.1,0.13,0.12,0.04,0.003
20220615,1.55,-0.01,-1.68,-0.21,-1.14,0.003
20220616,-3.52,-1.08,0,0.6,-0.64,0.003
20220617,0.46,0.73,-2.63,0.38,-2.02,0.003
20220621,2.38,-0.84,0.26,-0.91,0,0.003
20220622,-0.19,0.04,-1.79,0.63,-1.61,0.003
20220623,1.13,0.32,-3.87,0.5,-1.88,0.003
20220624,3.11,-0.42,-0.03,0.11,-0.33,0.003
20220627,-0.28,0.76,1.26,-0.3,1.29,0.003
20220628,-2.09,0.04,2.36,-0.7,1.3,0.003
20220629,-0.2,-0.58,-1.32,1.09,-0.86,0.003
20220630,-0.96,0.51,-0.15,0.9,-0.16,0.003
20220701,1.14,-0.02,0.11,-0.75,-0.07,0.004
20220705,0.48,1.12,-3.35,-1.74,-2.15,0.004
20220706,0.17,-0.89,-0.73,0.05,-0.31,0.004
20220707,1.77,0.89,-0.96,-0.84,-1.32,0.004
20220708,-0.07,0.07,-0.07,-0.25,-0.21,0.004
20220711,-1.39,-0.99,1.59,1.71,1.26,0.004
20220712,-0.88,0.85,0.52,0.1,0.83,0.004
20220713,-0.39,0.43,-0.38,0.04,-0.33,0.004
20220714,-0.41,-0.47,-1.01,0.78,-0.03,0.004
20220715,1.95,0.04,0.46,-0.22,-0.39,0.004
20220718,-0.71,0.37,1.02,0.14,-0.09,0.004
20220719,2.81,0.84,-0.54,-0.27,-0.59,0.004
20220720,0.89,1.08,-1.31,-1.48,-1.49,0.004
20220721,0.97,-0.33,-1.6,-0.25,-0.89,0.004
20220722,-1.19,-0.84,1.38,1.74,1.52,0.004
20220725,0.12,0.1,1.68,0.65,0.52,0.004
20220726,-1.32,0.34,1.06,0.57,1.16,0.004
20220727,2.72,0.16,-1.26,-0.2,-1.34,0.004
20220728,1.19,-0.04,-0.86,0.15,-0.88,0.004
20220729,1.45,-0.88,0.45,0.48,-1.17,0.004
20220801,-0.19,0.18,-0.26,0.17,0.35,0.008
20220802,-0.49,0.58,-1.4,-2.18,-0.46,0.008
20220803,1.67,0.28,-1.93,-1.49,-0.71,0.008
20220804,-0.06,0.41,-1.65,-1.3,-0.86,0.008
20220805,-0.04,0.94,-0.06,-1.27,-0.22,0.008
20220808,0,0.97,-0.08,-0.44,0.21,0.008
20220809,-0.68,-1.37,2.11,0.87,1.3,0.008
20220810,2.36,0.77,-1.59,-1.38,-1.36,0.008
20220811,-0.07,0.21,1.65,0.74,0.9,0.008
20220812,1.76,0.49,-0.73,-0.65,-0.53,0.008
20220815,0.38,-0.02,-0.62,-0.18,-0.01,0.008
20220816,0.19,-0.14,0.71,1.03,0.52,0.008
20220817,-0.93,-0.92,1.04,1.27,0.67,0.008
20220818,0.27,0.35,0.47,0.79,0.08,0.008
20220819,-1.5,-0.94,0.96,1.06,1.25,0.008
20220822,-2.14,-0.04,0.37,0.2,0.2,0.008
20220823,-0.11,0.11,0.33,-0.36,-0.19,0.008
20220824,0.4,0.52,-0.61,-1.43,-0.48,0.008
20220825,1.45,0.12,-0.01,0.15,-0.38,0.008
20220826,-3.37,-0.27,1.68,0.22,0.85,0.008
20220829,-0.72,-0.39,0.43,0.26,0.43,0.008
20220830,-1.11,-0.38,-0.24,-0.24,0.12,0.008
20220831,-0.74,0.23,-0.45,-0.62,-0.13,0.008
20220901,-0.01,-1.04,-0.3,0.62,0.55,0.009
20220902,-0.99,0.11,1.06,-0.06,0.27,0.009
20220906,-0.51,-0.54,-0.52,-0.17,-0.7,0.009
20220907,1.92,0.41,-1.53,-1.3,-0.54,0.009
20220908,0.78,-0.15,-0.2,-1.29,-1.01,0.009
20220909,1.67,0.38,-0.51,-0.1,-0.49,0.009
20220912,1.07,0.25,-0.17,-0.13,-0.13,0.009
20220913,-4.29,0.05,1.44,-0.31,0.9,0.009
20220914,0.45,-0.19,-0.28,-0.73,-0.42,0.009
20220915,-1.03,0.39,0.54,-0.36,0.24,0.009
20220916,-0.99,-0.75,0.85,1.69,0.95,0.009
20220919,0.72,-0.07,0.67,0.61,-0.07,0.009
20220920,-1.16,-0.3,0.04,-0.12,0.33,0.009
20220921,-1.68,0.33,0.08,0.38,0.1,0.009
20220922,-1.14,-1.16,0.41,1.16,0.9,0.009
20220923,-1.85,-0.47,-0.81,0.18,-0.26,0.009
20220926,-1.02,-0.05,-0.75,0.17,-0.42,0.009
20220927,-0.05,0.58,-0.93,-0.62,-0.9,0.009
20220928,2.15,0.92,-0.33,-0.86,-0.71,0.009
20220929,-2.17,-0.28,0.86,0.43,0.5,0.009
20220930,-1.42,0.59,0.26,-0.66,-0.09,0.009
20221003,2.55,0.01,0.69,0.9,0.37,0.011
20221004,3.3,0.72,-0.06,-1.04,-0.29,0.011
20221005,-0.22,-0.37,0.06,0.35,0.16,0.011
20221006,-0.86,0.46,0.13,-0.12,-0.46,0.011
20221007,-2.91,-0.23,1.68,0.97,1.46,0.011
20221010,-0.81,0.24,0.76,1.52,0.4,0.011
20221011,-0.7,0.61,0.32,0.57,0.64,0.011
20221012,-0.28,0.02,0.02,-0.02,0,0.011
20221013,2.4,-0.26,1.57,0.54,0.96,0.011
20221014,-2.46,-0.21,1.2,0.53,1.57,0.011
20221017,2.74,0.38,-1.42,-1.01,-1.19,0.011
20221018,1.19,-0.13,0.01,-0.43,0.03,0.011
20221019,-0.87,-1.2,1.21,0.69,0.78,0.011
20221020,-0.8,-0.33,-0.43,-0.61,0.11,0.011
20221021,2.3,-0.05,0.11,0.61,-0.22,0.011
20221024,1.03,-0.63,0.45,1.16,0.49,0.011
20221025,1.78,1.02,-1.52,-1.18,-1.24,0.011
20221026,-0.66,0.7,0.89,-0.8,0.68,0.011
20221027,-0.54,0.43,1.09,-0.37,0.51,0.011
20221028,2.32,0.05,-0.34,0.38,0.62,0.011
20221031,-0.67,0.47,0.75,-0.21,0.49,0.011
20221101,-0.35,0.44,0.78,-0.03,0.4,0.014
20221102,-2.67,-0.87,1.6,0.21,1.05,0.014
20221103,-1.03,0.39,0.32,-0.15,0.06,0.014
20221104,1.16,-0.26,1.28,2.18,0.62,0.014
20221107,0.87,-0.34,0.61,1.06,0.95,0.014
20221108,0.5,-0.55,-0.36,-0.19,0.06,0.014
20221109,-2.25,-0.51,0.55,0.94,1.07,0.014
20221110,5.68,1.01,-3.1,-0.65,-2.74,0.014
20221111,1.07,0.17,-1.07,-0.88,-1.14,0.014
20221114,-0.95,-0.25,0.27,0.54,0.43,0.014
20221115,1.03,0.46,-0.71,-0.49,-0.51,0.014
20221116,-1.04,-1.07,0.56,1.19,0.92,0.014
20221117,-0.42,-0.29,0.58,1.37,0.75,0.014
20221118,0.4,-0.09,0.09,0.4,0.62,0.014
20221121,-0.53,-0.21,0.99,0.48,1.1,0.014
20221122,1.36,-0.38,0.43,0.72,-0.23,0.014
20221123,0.63,-0.24,-0.94,-0.74,-0.57,0.014
20221125,-0.02,0.27,0.43,-0.17,0.14,0.014
20221128,-1.55,-0.47,-0.2,0.3,0.29,0.014
20221129,-0.18,0.34,1.02,0.2,0.47,0.014
20221130,3.12,-0.15,-2.07,-0.77,-1.41,0.014
20221201,-0.03,0.04,-0.69,-0.32,-0.32,0.016
20221202,-0.08,0.84,-0.55,-0.41,0.32,0.016
20221205,-2.02,-0.54,-0.52,0.88,0.97,0.016
20221206,-1.51,-0.02,1.15,0.81,0.71,0.016
20221207,-0.24,-0.17,-0.34,0.09,-0.21,0.016
20221208,0.76,-0.09,-1.22,-0.57,-0.64,0.016
20221209,-0.8,-0.53,0.35,0.23,0.14,0.016
20221212,1.41,-0.29,-0.16,-0.24,-0.13,0.016
20221213,0.66,0.08,-0.74,-0.28,-0.58,0.016
20221214,-0.56,0.03,-0.44,-0.14,-0.09,0.016
20221215,-2.57,-0.12,1.37,0.26,0.37,0.016
20221216,-1.02,0.55,0.18,-0.06,0.4,0.016
20221219,-1.01,-0.61,1.23,0.66,1.18,0.016
20221220,0.13,0.24,0.25,-0.5,0.46,0.016
20221221,1.52,0.14,-0.13,0.36,-0.27,0.016
20221222,-1.52,0.21,0.36,-0.07,0.87,0.016
20221223,0.51,-0.34,1.16,0.86,0.46,0.016
20221227,-0.51,-0.43,1.43,1.15,1.22,0.016
20221228,-1.24,-0.29,-0.29,-0.97,-0.04,0.016
20221229,1.87,1.04,-1.07,-1.02,-0.82,0.016
20221230,-0.22,0.13,-0.03,-0.53,0.01,0.016
20230103,-0.48,0.05,-0.12,0.25,0.51,0.017
20230104,0.81,0.56,0.05,-0.78,-0.02,0.017
20230105,-1.14,0.14,1.22,0.78,0.8,0.017
20230106,2.21,-0.01,0.05,0.85,0.14,0.017
20230109,0.04,0.34,-1.24,-0.69,-1.01,0.017
20230110,0.8,0.87,-0.56,-0.46,-0.47,0.017
20230111,1.26,0.02,-0.82,-0.17,-1.02,0.017
20230112,0.46,1.4,-0.3,-1.11,-0.51,0.017
20230113,0.46,0.23,-0.29,-0.21,-0.26,0.017
20230117,-0.18,-0.03,-0.52,-0.61,-0.4,0.017
20230118,-1.55,0.03,-0.7,0.33,-0.09,0.017
20230119,-0.86,-0.09,0.84,0.57,0.66,0.017
20230120,1.95,-0.03,-0.7,-0.19,-0.73,0.017
20230123,1.29,-0.04,-1,-0.48,-1,0.017
20230124,-0.16,-0.17,0.2,-0.23,0.37,0.017
20230125,0,0.13,0.65,0.04,0.22,0.017
20230126,1.08,-0.62,0.02,-0.19,-0.34,0.017
20230127,0.36,0.33,-1.15,-0.64,-1.2,0.017
20230130,-1.38,0.04,0.72,0.41,0.82,0.017
20230131,1.58,0.94,-0.07,-0.06,-0.51,0.017
20230201,1.19,0.63,-1.67,-0.2,-1.09,0.018
20230202,1.54,1.16,-2.07,-0.23,-1.65,0.018
20230203,-1.08,0.37,0.95,1.02,0.97,0.018
20230206,-0.73,-0.8,0.41,-0.27,0.41,0.018
20230207,1.24,-0.51,-0.04,0.32,-0.36,0.018
20230208,-1.18,-0.68,0.72,-0.33,-0.05,0.018
20230209,-0.95,-0.61,0.2,0.31,0.41,0.018
20230210,0.11,-0.31,1.54,0.61,0.86,0.018
20230213,1.14,0.09,-0.73,0.46,-0.28,0.018
20230214,0.12,-0.05,-0.67,-0.68,-0.9,0.018
20230215,0.51,0.73,-0.9,-1.12,-1.01,0.018
20230216,-1.37,0.22,0.97,0.84,0.87,0.018
20230217,-0.28,0.65,-0.15,0.16,0.52,0.018
20230221,-2.16,-1.15,0.87,0.36,0.77,0.018
20230222,-0.04,0.45,-0.43,-0.37,-0.39,0.018
20230223,0.46,0.1,-0.24,-0.01,-0.38,0.018
20230224,-1.09,-0.27,1.24,0.25,0.38,0.018
20230227,0.31,0.05,-0.28,0.06,-0.4,0.018
20230228,-0.26,0.53,-0.71,-0.57,-0.16,0.018
20230301,-0.42,0.4,0.62,0.2,0.61,0.016
20230302,0.67,-0.5,-0.41,-0.14,0.18,0.016
20230303,1.61,-0.08,-0.52,-0.35,-0.65,0.016
20230306,-0.13,-1.61,-0.09,0.32,-0.13,0.016
20230307,-1.45,0.62,-0.66,-0.11,-0.17,0.016
20230308,0.08,0.08,-0.39,0.38,-0.13,0.016
20230309,-2.02,-0.68,-0.67,1.03,0.63,0.016
20230310,-1.68,-1.38,0.81,0.98,1.07,0.016
20230313,-0.34,-1.17,-3.52,-0.99,-0.61,0.016
20230314,1.71,0,-0.4,-0.22,-0.44,0.016
20230315,-0.79,-0.52,-1.82,0.35,-0.43,0.016
20230316,1.76,0.01,-0.19,0.07,-0.71,0.016
20230317,-1.21,-1.06,-1.56,0.27,-0.24,0.016
20230320,0.84,-0.36,0.74,0.52,0.71,0.016
20230321,1.49,0.47,0.67,-0.26,-1.07,0.016
20230322,-1.74,-0.81,-0.47,0.79,0.2,0.016
20230323,0.21,-0.44,-1.54,0.06,-0.84,0.016
20230324,0.46,0.17,0.72,0.36,0.38,0.016
20230327,0.27,0.51,1.01,-0.27,0.36,0.016
20230328,-0.17,-0.02,0.75,0.09,0.54,0.016
20230329,1.39,-0.35,-0.53,-0.89,-0.52,0.016
20230330,0.5,-0.62,-0.58,0.21,-0.11,0.016
20230331,1.53,0.51,-0.77,-0.45,-0.77,0.016
20230403,0.28,-0.19,0.78,0.51,0.71,0.018
20230404,-0.72,-1.13,-0.73,0,0,0.018
20230405,-0.4,-1.01,1.4,0.79,1.17,0.018
20230406,0.34,-0.03,-0.53,-0.41,-0.14,0.018
20230410,0.2,0.86,0.28,-0.06,-0.11,0.018
20230411,0.06,0.71,0.58,0.06,0.12,0.018
20230412,-0.51,-0.43,0.37,0.49,0.4,0.018
20230413,1.39,0.16,-1.17,-0.21,-0.68,0.018
20230414,-0.23,-0.76,0.2,0.61,0.11,0.018
20230417,0.33,0.7,-0.2,-1.3,-0.26,0.018
20230418,0.04,-0.4,-0.29,-0.02,0.18,0.018
20230419,-0.04,0.26,0.39,-0.02,0.12,0.018
20230420,-0.61,0.12,-0.26,0.72,0.48,0.018
20230421,0.08,0.09,-0.91,-0.61,-0.1,0.018
20230424,0,-0.27,0.48,0.65,0.29,0.018
20230425,-1.76,-0.83,0.11,0.44,0.88,0.018
20230426,-0.41,-0.05,-0.76,0.04,-0.33,0.018
20230427,1.85,-0.6,0,0.46,-0.2,0.018
20230428,0.77,0.22,0.18,0.11,0.22,0.018
20230501,-0.02,0.17,-0.79,-0.51,0.18,0.016
20230502,-1.28,-0.73,-1.39,0.69,0.04,0.016
20230503,-0.56,0.87,-1.02,-0.9,-0.43,0.016
20230504,-0.78,-0.47,-1,-0.55,-0.27,0.016
20230505,1.9,0.5,0.61,0.24,-0.64,0.016
20230508,0.08,-0.38,-0.27,-0.54,-0.39,0.016
20230509,-0.43,0.11,-0.05,-0.37,-0.39,0.016
20230510,0.43,0.2,-1.31,-0.07,-0.78,0.016
20230511,-0.21,-0.51,-0.07,0.86,0.11,0.016
20230512,-0.22,-0.11,0.35,0.4,0.47,0.016
20230515,0.47,0.78,0.01,-0.74,-0.46,0.016
20230516,-0.72,-0.45,-0.47,0.75,-0.1,0.016
20230517,1.32,0.85,1.18,-0.39,-0.28,0.016
20230518,0.99,-0.23,-0.38,0.15,-0.7,0.016
20230519,-0.26,-0.39,-0.31,-0.02,0.18,0.016
20230522,0.17,1.11,-0.22,-1.24,-0.91,0.016
20230523,-1.09,0.61,1.05,0.21,0.18,0.016
20230524,-0.72,-0.39,-0.19,-0.03,-0.05,0.016
20230525,0.64,-1.09,-1.09,1.34,-1.23,0.016
20230526,1.32,-0.29,-0.87,-0.26,-0.53,0.016
20230530,-0.01,-0.25,-0.41,-0.36,-0.97,0.016
20230531,-0.6,-0.25,-1.13,-0.95,0.08,0.016
20230601,1.02,0.05,-0.07,-0.12,-0.38,0.019
20230602,1.62,1.74,1.65,0.42,0.75,0.019
20230605,-0.26,-1.09,-0.74,-0.6,-0.4,0.019
20230606,0.47,2.25,1.32,-0.18,-0.41,0.019
20230607,-0.36,1.89,2.25,0.73,1.28,0.019
20230608,0.59,-0.77,-1.15,-0.16,-0.49,0.019
20230609,0.03,-0.79,-0.4,0.06,-0.23,0.019
20230612,0.94,-0.27,-1.39,-0.22,-0.78,0.019
20230613,0.74,0.52,0.07,-0.55,-0.51,0.019
20230614,-0.04,-1.06,-0.92,0.63,-0.24,0.019
20230615,1.22,-0.36,0.06,0.22,-0.09,0.019
20230616,-0.45,-0.51,0.22,0.16,0.33,0.019
20230620,-0.49,0.21,-0.66,-0.11,-0.51,0.019
20230621,-0.56,0.29,0.55,0.59,0.86,0.019
20230622,0.32,-0.96,-1.23,0.25,-0.52,0.019
20230623,-0.84,-0.6,0.07,0.27,0.06,0.019
20230626,-0.48,-0.01,1.3,0.63,0.67,0.019
20230627,1.21,0.32,-0.52,0.25,-0.72,0.019
20230628,0.04,0.47,-0.42,-0.62,-0.42,0.019
20230629,0.44,0.75,0.76,0.57,0.46,0.019
20230630,1.14,-0.73,-0.77,-0.1,-0.29,0.019
20230703,0.15,0.27,1.07,0.16,0.12,0.022
20230705,-0.29,-1.07,-0.26,-0.29,0,0.022
20230706,-0.95,-0.59,-0.68,0.58,0.06,0.022
20230707,-0.12,1.3,1.22,-0.22,0.19,0.022
20230710,0.37,1.24,0,-1.01,0.54,0.022
20230711,0.76,0.18,0.49,-0.22,0.3,0.022
20230712,0.74,0.37,0.44,-0.31,-0.44,0.022
20230713,0.9,-0.07,-0.1,-0.17,-0.67,0.022
20230714,-0.25,-0.7,-1.51,0.43,-0.55,0.022
20230717,0.49,0.64,-0.27,-0.39,-0.06,0.022
20230718,0.78,0.44,1.09,0.63,-0.44,0.022
20230719,0.25,0.26,1.32,0.15,0.19,0.022
20230720,-0.81,-0.35,0.64,0.44,1.47,0.022
20230721,-0.05,-0.38,-0.36,-0.15,0.11,0.022
20230724,0.31,-0.03,0.77,0.95,-0.22,0.022
20230725,0.25,-0.23,-0.79,0.49,-0.4,0.022
20230726,0.02,0.86,1.03,-0.36,0.65,0.022
20230727,-0.75,-0.81,0.29,0.39,0.11,0.022
20230728,1.14,0.43,-0.35,-0.75,-0.4,0.022
20230731,0.26,0.99,-0.08,-0.96,0.07,0.022
20230801,-0.35,-0.11,0.3,0.19,-0.28,0.02
20230802,-1.49,-0.05,0.6,0.68,0.69,0.02
20230803,-0.19,0.02,0.08,0.31,-0.35,0.02
20230804,-0.49,0.08,0.76,-0.17,-0.66,0.02
20230807,0.77,-1.09,0.59,0.65,-0.1,0.02
20230808,-0.47,0.1,0.14,0.47,0.03,0.02
20230809,-0.78,-0.01,-0.06,0.87,0.02,0.02
20230810,0.01,-0.46,-0.66,-0.02,-0.05,0.02
20230811,-0.11,0.24,0.46,-0.2,0.39,0.02
20230814,0.51,-0.84,-0.8,0.1,-0.65,0.02
20230815,-1.18,0,-1.04,0.2,0.04,0.02
20230816,-0.81,-0.48,-0.13,0.38,0.02,0.02
20230817,-0.87,-0.17,0.49,0.48,0.16,0.02
20230818,0.04,0.41,-0.22,0.07,-0.11,0.02
20230821,0.64,-0.87,-0.6,0.19,-0.88,0.02
20230822,-0.32,-0.02,-1.04,-0.33,-0.21,0.02
20230823,1.08,-0.22,-0.11,-0.38,-0.25,0.02
20230824,-1.43,0.01,0.62,0.51,0.4,0.02
20230825,0.65,-0.23,-0.57,-0.35,-0.17,0.02
20230828,0.63,0.09,0.41,0.26,0.03,0.02
20230829,1.5,-0.08,-0.11,-0.04,-0.44,0.02
20230830,0.41,0.09,-0.46,-0.42,-0.03,0.02
20230831,-0.08,-0.19,0.22,0.07,-0.26,0.02
20230901,0.26,0.84,0.58,-0.03,-0.2,0.021
20230905,-0.54,-1.58,-0.86,-0.3,-0.47,0.021
20230906,-0.71,0.01,-0.18,-0.45,0.1,0.021
20230907,-0.4,-0.69,0.03,-0.2,0.02,0.021
20230908,0.12,-0.51,0.4,0.28,0.01,0.021
20230911,0.66,-0.47,-0.54,-0.49,-0.33,0.021
20230912,-0.59,0.21,0.99,0.25,0.23,0.021
20230913,0.03,-0.87,-0.22,0.25,-0.36,0.021
20230914,0.84,0.49,0.86,0.82,0.02,0.021
20230915,-1.21,0.21,0.25,-0.33,0.5,0.021
20230918,-0.04,-0.82,-0.19,0.2,-0.05,0.021
20230919,-0.27,-0.11,0,0.32,0.31,0.021
20230920,-0.95,-0.05,0.26,0.27,0.49,0.021
20230921,-1.69,0.34,0.38,0.56,0.13,0.021
20230922,-0.25,-0.09,-0.51,0.18,-0.19,0.021
20230925,0.39,-0.06,0.33,0.58,-0.46,0.021
20230926,-1.46,0.36,-0.51,-0.34,-0.07,0.021
20230927,0.13,0.78,0.1,0.19,-0.28,0.021
20230928,0.65,0.19,0.04,0.43,-0.03,0.021
20230929,-0.27,-0.02,0.31,-0.19,-0.15,0.021
20231002,-0.14,-1.28,-1.05,0.87,-0.52,0.021
20231003,-1.5,-0.26,-0.15,0.3,0.14,0.021
20231004,0.77,-0.53,-0.37,-0.39,-0.33,0.021
20231005,-0.15,0.28,0.09,-0.46,-0.12,0.021
20231006,1.21,-0.44,-0.55,-0.31,-0.52,0.021
20231009,0.59,-0.16,0.26,0.82,-0.37,0.021
20231010,0.61,0.33,0.62,-0.24,0.19,0.021
20231011,0.32,-0.65,0.38,0.64,-0.25,0.021
20231012,-0.81,-1.5,0.11,1.19,-0.22,0.021
20231013,-0.59,-0.35,0.05,0.08,0.46,0.021
20231016,1.14,0.58,-0.1,-0.36,-0.02,0.021
20231017,0.09,1.05,0.68,-0.1,0.32,0.021
20231018,-1.47,-0.61,-0.17,0.87,0.46,0.021
20231019,-0.92,-0.54,-0.22,-0.05,0.01,0.021
20231020,-1.32,0.09,-0.15,0.2,0.36,0.021
20231023,-0.23,-0.58,-0.77,0.18,-0.43,0.021
20231024,0.71,0.09,-0.58,-0.91,0.15,0.021
20231025,-1.58,-0.02,0.85,1.48,0.21,0.021
20231026,-1.15,1.18,1.68,-0.76,0.47,0.021
20231027,-0.53,-0.58,-0.58,0.43,-0.96,0.021
20231030,1.15,-0.33,0.28,-0.15,0.17,0.021
20231031,0.63,0.05,-0.07,-0.85,0.06,0.021
20231101,0.93,-0.68,-0.02,0.12,-0.71,0.021
20231102,1.95,0.71,1.64,-0.23,0.53,0.021
20231103,1.1,1.73,0.6,-1.19,0.18,0.021
20231106,0.01,-1.22,-0.66,0.87,-0.2,0.021
20231107,0.35,-0.41,-1.2,-1.26,-0.05,0.021
20231108,-0.04,-1.01,-0.46,0.45,0.04,0.021
20231109,-0.89,-1.01,0.5,0.53,-0.3,0.021
20231110,1.49,-0.61,-0.45,0.74,-0.37,0.021
20231113,-0.05,0.06,-0.26,-0.29,-0.17,0.021
20231114,2.18,3.23,1.19,-0.98,-0.24,0.021
20231115,0.18,0.13,0.5,-0.13,0.5,0.021
20231116,-0.11,-1.5,-0.3,-0.45,-0.37,0.021
20231117,0.25,1.22,0.62,0.03,0.36,0.021
20231120,0.73,-0.11,-0.28,-0.3,-0.31,0.021
20231121,-0.32,-0.96,-0.62,0.42,-0.03,0.021
20231122,0.42,0.19,-0.04,-0.38,0.01,0.021
20231124,0.11,0.63,0.18,-0.51,0.23,0.021
20231127,-0.23,-0.14,-0.08,0.13,-0.25,0.021
20231128,0.06,-0.3,0.05,-0.16,0.03,0.021
20231129,0.01,0.58,0.69,-0.76,-0.06,0.021
20231130,0.35,-0.4,0.01,-0.11,0.18,0.021
20231201,0.82,2.23,1.07,-0.37,0.57,0.021
20231204,-0.44,1.51,0.5,-0.44,0.77,0.021
20231205,-0.21,-1.05,-0.85,0.18,-0.41,0.021
20231206,-0.39,0.36,0.33,-0.22,0.27,0.021
20231207,0.81,0.09,0.49,0.08,-0.19,0.021
20231208,0.45,0.16,0.53,-0.13,-0.08,0.021
20231211,0.35,-0.44,-0.12,0.02,0.64,0.021
20231212,0.34,-0.64,-0.89,-0.37,-0.22,0.021
20231213,1.55,1.92,1.35,-0.99,0.17,0.021
20231214,0.51,1.84,2.03,0.03,0.38,0.021
20231215,-0.06,-0.59,-0.57,0.14,-0.35,0.021
20231218,0.42,-0.51,-0.36,0.35,-0.24,0.021
20231219,0.72,1.51,0.68,-0.38,0.05,0.021
20231220,-1.56,-0.35,0.15,0.76,0.09,0.021
20231221,1.09,0.74,-0.02,-0.57,-0.17,0.021
20231222,0.2,0.61,0.1,-0.65,0.2,0.021
20231226,0.48,0.83,0.43,-0.33,-0.16,0.021
20231227,0.16,0.17,0.1,-0.32,-0.14,0.021
20231228,-0.01,-0.38,0.02,-0.32,0.15,0.021
20231229,-0.43,-1.14,-0.36,0.69,-0.06,0.021
20240102,-0.7,-0.26,0.79,0.66,0.64,0.022
20240103,-1.01,-1.92,-0.14,0.35,-0.18,0.022
20240104,-0.33,0.24,0.09,-0.43,0.24,0.022
20240105,0.15,-0.59,0.65,0.11,-0.15,0.022
20240108,1.49,0.55,-1.31,-0.98,-0.49,0.022
20240109,-0.21,-0.75,-0.9,-0.3,-0.18,0.022
20240110,0.5,-0.29,-0.44,0.24,-0.18,0.022
20240111,-0.14,-0.66,-0.51,0.45,-0.13,0.022
20240112,-0.01,-0.21,-0.5,0.11,-0.28,0.022
20240116,-0.47,-0.87,-0.64,0.13,-0.27,0.022
20240117,-0.59,-0.16,-0.24,0.26,-0.23,0.022
20240118,0.87,-0.27,-0.34,0.71,-0.23,0.022
20240119,1.19,-0.37,0.65,-0.05,-0.27,0.022
20240122,0.39,1.83,0.58,-0.43,0.09,0.022
20240123,0.22,-0.69,-0.58,-0.18,0.21,0.022
20240124,-0.01,-0.76,0.02,0.25,-0.4,0.022
20240125,0.46,0.2,0.56,-0.2,0.52,0.022
20240126,-0.02,0.32,-0.22,0.25,0.02,0.022
20240129,0.86,0.88,-0.57,-1.11,-0.3,0.022
20240130,-0.13,-0.96,0.85,0.99,0.13,0.022
20240131,-1.74,-0.89,-0.31,-0.22,0.35,0.022
20240201,1.23,0.33,-1.35,-0.05,-0.29,0.021
20240202,0.99,-1.57,-0.51,-0.16,-1.4,0.021
20240205,-0.42,-0.94,-0.66,0.1,-0.15,0.021
20240206,0.27,0.77,-0.49,-0.75,0.59,0.021
20240207,0.77,-1.02,-0.62,0.62,-0.81,0.021
20240208,0.21,1.4,0.03,-0.52,-0.2,0.021
20240209,0.65,0.84,-0.43,-0.34,-0.43,0.021
20240212,0.05,1.65,1.1,-0.04,0.44,0.021
20240213,-1.6,-2.52,-0.66,0.78,-0.05,0.021
20240214,1.14,1.37,-0.2,-1.53,-0.18,0.021
20240215,0.67,1.23,1.03,-0.21,0.26,0.021
20240216,-0.53,-0.64,-0.21,0.06,0.17,0.021
20240220,-0.74,-0.74,0.41,0.43,0.59,0.021
20240221,-0.03,-0.64,0.12,0.86,0.19,0.021
20240222,2.02,-1.55,-1.32,0.38,-1.19,0.021
20240223,0.02,0.33,-0.04,0.08,-0.11,0.021
20240226,-0.25,0.97,-0.1,-0.72,0,0.021
20240227,0.27,1.24,-0.44,-1.12,0.68,0.021
20240228,-0.26,-0.89,-0.01,-0.06,0.52,0.021
20240229,0.54,-0.16,0.99,0.27,-0.72,0.021
20240301,0.76,0.01,-0.56,-0.24,-0.16,0.021
20240304,-0.18,-0.61,0.35,-0.19,0.24,0.021
20240305,-1.08,0.05,1.13,0.91,0.56,0.021
20240306,0.53,-0.27,-0.02,-1.08,-0.03,0.021
20240307,1.02,-0.48,0.05,0.4,-0.73,0.021
20240308,-0.66,0.6,0.6,-0.36,0.57,0.021
20240311,-0.21,-0.63,0.4,0.45,0.64,0.021
20240312,1.04,-1.16,-0.68,0.53,-0.77,0.021
20240313,-0.14,0.35,-0.04,-0.04,0.17,0.021
20240314,-0.43,-1.46,-1.07,1.03,-0.1,0.021
20240315,-0.59,0.95,0.8,-0.09,0.42,0.021
20240318,0.53,-1.04,-0.22,0.24,-0.11,0.021
20240319,0.54,0.45,-0.24,0.49,0.08,0.021
20240320,1.03,1.04,1.01,-0.24,-0.06,0.021
20240321,0.42,0.34,0.97,0.27,0.05,0.021
20240322,-0.23,-0.99,-0.52,0.29,-0.36,0.021
20240325,-0.26,-0.11,0.87,-0.22,-0.17,0.021
20240326,-0.26,0.11,-0.16,-0.52,0.21,0.021
20240327,0.88,1.29,0.92,-0.15,0.58,0.021
20240328,0.1,0.47,0.46,-0.06,0.07,0.021
20240401,-0.27,-0.91,-0.27,0.34,-0.31,0.021
20240402,-0.85,-1.03,0.04,0.26,0.02,0.021
20240403,0.16,0.33,-0.04,0.1,-0.19,0.021
20240404,-1.23,0.2,0.18,0.03,0.1,0.021
20240405,1.05,-0.5,-0.69,-0.29,-0.59,0.021
20240408,0.01,0.54,0.14,-0.24,0.1,0.021
20240409,0.14,0.31,-0.33,-0.17,0.05,0.021
20240410,-1.01,-1.56,-1.04,0.37,-0.45,0.021
20240411,0.72,0.05,-0.62,0.14,-0.54,0.021
20240412,-1.53,-0.38,0.13,0.67,-0.22,0.021
20240415,-1.29,-0.24,0.75,0.84,0.42,0.021
20240416,-0.23,-0.28,-0.82,0.04,-0.26,0.021
20240417,-0.64,-0.37,0.55,-0.32,0.54,0.021
20240418,-0.27,-0.1,0.86,-0.03,0.29,0.021
20240419,-0.82,1.25,1.9,-0.1,1.3,0.021
20240422,0.87,-0.12,0.55,-0.23,0,0.021
20240423,1.27,0.58,-0.01,-0.16,-0.63,0.021
20240424,-0.01,-0.3,0.28,0.23,-0.02,0.021
20240425,-0.48,-0.39,-0.2,0.4,-0.09,0.021
20240426,1.04,0.22,-1.09,0.01,-0.45,0.021
20240429,0.34,0.34,-0.49,0.22,-0.12,0.021
20240430,-1.67,-0.27,-0.26,-0.61,0.63,0.021
20240501,-0.27,1,-0.03,-1.43,-0.02,0.02
20240502,1.01,0.7,0.02,0.03,-0.77,0.02
20240503,1.19,-0.04,-0.22,0.42,-0.55,0.02
20240506,1.09,-0.02,-0.05,-0.23,-0.69,0.02
20240507,0.05,0.04,-0.65,0.14,0.2,0.02
20240508,-0.09,-0.41,0.59,0.72,0.16,0.02
20240509,0.52,0.51,0.39,0.02,0.08,0.02
20240510,0.08,-0.91,0.01,0.49,-0.06,0.02
20240513,-0.04,0.25,-0.26,0.13,0.24,0.02
20240514,0.57,0.51,0.04,-0.16,-0.02,0.02
20240515,1.15,-0.47,-0.21,-0.4,-0.38,0.02
20240516,-0.25,-0.22,-0.01,-0.04,0.39,0.02
20240517,0.11,-0.23,0.41,-0.19,-0.1,0.02
20240520,0.14,0.16,-0.88,0.15,-0.66,0.02
20240521,0.15,-0.43,0.19,0.41,-0.31,0.02
20240522,-0.35,-0.4,-0.38,-0.44,-0.05,0.02
20240523,-0.85,-0.67,-0.64,1.3,-0.64,0.02
20240524,0.72,0.13,0.23,0.34,-0.34,0.02
20240528,-0.04,0.1,-0.83,0.15,-1.07,0.02
20240529,-0.77,-0.38,-0.66,0.44,-0.04,0.02
20240530,-0.52,1.64,0.42,-0.02,0.7,0.02
20240531,0.68,-0.1,0.95,1.03,0.91,0.02
20240603,0.04,-0.32,-0.62,0.35,-0.43,0.022
20240604,-0.06,-1.33,-0.68,-0.15,-0.05,0.022
20240605,1.23,0.35,-0.67,-0.47,-0.72,0.022
20240606,-0.06,-0.57,-0.08,-0.04,-0.17,0.022
20240607,-0.23,-0.95,0.09,0.37,0.2,0.022
20240610,0.28,-0.13,-0.29,-0.22,-0.47,0.022
20240611,0.2,-0.21,-1.04,0.26,-0.19,0.022
20240612,0.94,0.75,0.05,0.07,-0.38,0.022
20240613,0.04,-1.02,-0.62,0.97,-0.02,0.022
20240614,-0.17,-1.46,-0.65,0.12,0.04,0.022
20240617,0.78,-0.33,0.58,0.93,0.24,0.022
20240618,0.2,-0.44,0.36,0.28,-0.11,0.022
20240620,-0.31,-0.36,0.26,-0.62,0.33,0.022
20240621,-0.13,0.44,-0.53,-0.81,0.17,0.022
20240624,-0.25,0.62,1.09,-0.01,0.65,0.022
20240625,0.31,-0.82,-1.22,0.08,-1.22,0.022
20240626,0.16,-0.01,-0.19,0.46,-0.26,0.022
20240627,0.14,0.53,-0.39,-0.97,-0.12,0.022
20240628,-0.35,1,1.28,-0.19,0.72,0.022
20240701,0.22,-1.06,-0.46,0.49,-0.34,0.021
20240702,0.57,-0.47,0.39,0.52,-0.63,0.021
20240703,0.48,-0.29,-0.68,-0.05,0.59,0.021
20240705,0.48,-0.8,-1.43,-0.31,-1.04,0.021
20240708,0.1,0.55,-0.22,-0.35,0.47,0.021
20240709,0,-0.59,0.48,-0.44,0.66,0.021
20240710,0.97,-0.14,0.43,0.17,0.2,0.021
20240711,-0.59,4.21,1.75,-1.09,-0.09,0.021
20240712,0.58,0.62,-0.44,-0.5,0.15,0.021
20240715,0.38,1.16,0.59,-0.22,-0.35,0.021
20240716,0.83,2.76,1.37,-0.64,0.07,0.021
20240717,-1.5,0.49,2.46,0.83,-0.13,0.021
20240718,-0.95,-1.15,0.03,1.01,0.4,0.021
20240719,-0.68,0.07,-0.14,-0.09,-0.47,0.021
20240722,1.08,0.53,-0.53,-0.38,0.72,0.021
20240723,-0.05,1.15,-0.03,-0.43,-0.18,0.021
20240724,-2.37,0.02,1.71,0.1,0.08,0.021
20240725,-0.33,1.67,0.68,-0.11,0.15,0.021
20240726,1.1,0.57,-0.2,0.02,0.08,0.021
20240729,-0.04,-1.05,-0.43,0.61,-0.24,0.021
20240730,-0.53,0.68,1.38,0.47,-1.03,0.021
20240731,1.53,-0.97,-1.32,0.44,1.43,0.021
20240801,-1.61,-1.24,-0.67,0.91,-0.89,0.022
20240802,-2.12,-1.18,-0.78,0.96,0.79,0.022
20240805,-3.02,-0.34,-0.01,-0.13,-0.17,0.022
20240806,1,-0.03,-0.58,-0.12,0.29,0.022
20240807,-0.83,-0.55,0.84,0.74,-0.79,0.022
20240808,2.39,0.1,-0.85,-0.63,0.05,0.022
20240809,0.43,-0.8,-0.31,0.3,-0.21,0.022
20240812,-0.08,-0.87,-0.59,0.12,0.39,0.022
20240813,1.7,0.18,-0.77,-0.51,1.08,0.022
20240814,0.3,-1.1,0.27,0.14,0.4,0.022
20240815,1.78,0.95,-0.74,-0.48,0.4,0.022
20240816,0.21,0.05,0.78,-0.21,0.51,0.022
20240819,0.98,0.25,-0.29,-1.03,0.49,0.022
20240820,-0.32,-0.72,-0.68,0.36,-0.65,0.022
20240821,0.52,0.84,-0.63,-0.43,0.19,0.022
20240822,-0.96,-0.25,1.39,0.56,-0.25,0.022
20240823,1.29,1.9,0.85,-0.48,0.68,0.022
20240826,-0.34,0.33,0.17,0.13,-0.06,0.022
20240827,0.05,-0.9,0.02,0.27,0.23,0.022
20240828,-0.67,-0.22,1.14,0.55,-0.16,0.022
20240829,0.08,0.67,0.28,-0.15,-1.22,0.022
20240830,0.98,-0.56,0.04,-0.2,-0.14,0.022
20240903,-2.26,-0.74,1.36,0.68,-0.82,0.02
20240904,-0.22,0.08,-0.53,-0.27,-0.02,0.02
20240905,-0.31,-0.06,-0.68,-0.26,0.04,0.02
20240906,-1.82,-0.09,0.17,0.35,-0.03,0.02
20240909,1.09,-1.09,-0.69,-1.04,0.4,0.02
20240910,0.4,-0.27,-0.83,-0.08,-0.17,0.02
20240911,1.05,-0.63,-1.66,-0.21,0.58,0.02
20240912,0.8,0.45,-0.5,0.37,-0.08,0.02
20240913,0.71,1.88,0.04,-0.34,0.29,0.02
20240916,0.16,-0.01,0.92,0.39,-0.44,0.02
20240917,0.09,0.77,0.54,0.34,-0.3,0.02
20240918,-0.25,0.24,0.28,0.05,-0.37,0.02
20240919,1.77,0.32,-0.19,-0.22,-0.04,0.02
20240920,-0.27,-0.77,-0.64,0.22,-0.35,0.02
20240923,0.21,-0.83,-0.08,0.45,-0.23,0.02
20240924,0.24,-0.1,-0.58,-0.3,0.78,0.02
20240925,-0.29,-0.93,-0.7,-0.04,0.15,0.02
20240926,0.42,0.23,0.43,-0.53,0.53,0.02
20240927,-0.08,0.71,0.55,0.09,-0.07,0.02
20240930,0.36,-0.11,0.15,0.43,0,0.02
20241001,-0.97,-0.66,-0.02,0.78,-0.57,0.017
20241002,0,-0.24,-0.18,-0.53,0.4,0.017
20241003,-0.22,-0.67,0.2,0.49,0.3,0.017
20241004,1.04,0.47,0.31,-0.54,-0.17,0.017
20241007,-0.97,-0.18,0.29,0.06,0.77,0.017
20241008,0.87,-0.74,-1.14,-0.31,0.22,0.017
20241009,0.69,-0.46,0.2,0.2,-0.24,0.017
20241010,-0.2,-0.37,0.08,0.14,0.15,0.017
20241011,0.76,1.29,0.76,-0.98,0.01,0.017
20241014,0.71,-0.12,-0.32,-0.08,0.42,0.017
20241015,-0.72,1,0.46,-0.24,-0.48,0.017
20241016,0.53,1.05,0.52,-0.38,0.66,0.017
20241017,-0.05,-0.11,0.19,0.35,0.08,0.017
20241018,0.36,-0.41,-0.74,-0.56,0.19,0.017
20241021,-0.28,-1.37,-1.18,-0.17,0.46,0.017
20241022,-0.11,-0.25,0.58,0.1,-0.32,0.017
20241023,-0.97,-0.02,1.07,0.23,-0.09,0.017
20241024,0.3,0.05,-0.27,-0.04,-0.32,0.017
20241025,-0.08,-0.27,-0.83,0.1,-0.34,0.017
20241028,0.38,1.35,0.61,-0.6,-0.1,0.017
20241029,0.15,-0.25,-1.05,-0.31,-0.12,0.017
20241030,-0.33,0.17,0.76,0.37,-0.08,0.017
20241031,-1.79,-0.02,0.59,0.41,0.17,0.017
20241101,0.46,0.37,-1.09,-0.42,0.16,0.02
20241104,-0.27,0.71,-0.59,0.14,0.38,0.02
20241105,1.31,0.65,-0.15,-0.44,-0.22,0.02
20241106,2.92,2.59,3.6,-0.14,-1.1,0.02
20241107,0.66,-0.88,-2.79,-0.02,0.17,0.02
20241108,0.44,0.41,-0.54,-0.34,-0.81,0.02
20241111,0.33,1.14,0.85,-0.93,-0.69,0.02
20241112,-0.39,-1.35,0.09,0.67,0.44,0.02
20241113,-0.12,-0.98,0.13,0.34,0.12,0.02
20241114,-0.72,-0.68,0.74,0.71,0.18,0.02
20241115,-1.38,-0.4,1.67,0.2,-0.3,0.02
20241118,0.41,-0.35,0,-0.06,-0.54,0.02
20241119,0.5,0.27,-1.66,-1.01,0.6,0.02
20241120,0.05,0.05,-0.1,0.05,-0.02,0.02
20241121,0.65,0.92,0.29,-0.4,0.61,0.02
20241122,0.54,1.39,0.41,-0.71,-0.67,0.02
20241125,0.4,1.29,0.27,0.11,-0.42,0.02
20241126,0.42,-1.06,-0.71,0.5,-0.32,0.02
20241127,-0.39,0.46,0.47,-0.63,0.13,0.02
20241129,0.54,-0.04,-0.64,-0.1,0.3,0.02
20241202,0.22,0.18,-0.67,0.49,-0.39,0.017
20241203,0.03,-0.79,-0.52,0.38,-0.09,0.017
20241204,0.7,-0.18,-1.24,-1.11,0,0.017
20241205,-0.28,-0.96,0.46,0.53,-0.11,0.017
20241206,0.35,0.41,-1.07,-1.11,-0.72,0.017
20241209,-0.74,0.41,0.15,0.74,-0.06,0.017
20241210,-0.37,0.12,0.12,1.13,-0.68,0.017
20241211,0.87,-0.22,-0.55,-0.07,-0.37,0.017
20241212,-0.63,-0.78,0.43,0.4,0.14,0.017
20241213,-0.05,-0.49,-0.31,0.26,-0.28,0.017
20241216,0.47,0.41,-1.03,-1.14,-0.91,0.017
20241217,-0.49,-0.54,-0.57,0.1,-0.05,0.017
20241218,-3.18,-1.29,0.07,1.04,0.78,0.017
20241219,-0.12,-0.27,-0.01,0.26,0.19,0.017
20241220,1.08,-0.25,0.08,-1.21,0.64,0.017
20241223,0.61,-0.85,-0.19,0.28,0.66,0.017
20241224,1.11,-0.12,-0.05,-0.13,-0.37,0.017
20241226,0.02,1.09,-0.19,-0.44,0.35,0.017
20241227,-1.17,-0.44,0.56,0.41,0.03,0.017
20241230,-1.09,0.24,0.74,0.55,0.14,0.017
20241231,-0.46,0.31,0.71,0.33,0,0.017